Source,Type,Target,Weight
Алтынов,Undirected,Вайсмюллер,1
Алтынов,Undirected,Владимир Фёдорович Жуковский,1
Алтынов,Undirected,Гаджи-ага Шамсиев,1
Алтынов,Undirected,Дрозд,1
Алтынов,Undirected,Зафар,1
Алтынов,Undirected,Кара-Гасым,1
Алтынов,Undirected,Краб,1
Алтынов,Undirected,Леонард Арташесов,1
Алтынов,Undirected,Люст,1
Алтынов,Undirected,Маса,1
Алтынов,Undirected,Месроп Карапетович Арташесов,1
Алтынов,Undirected,Муса Джабаров,1
Алтынов,Undirected,Саадат Валидбекова,1
Алтынов,Undirected,Спиридонов,1
Алтынов,Undirected,Тотманн,1
Алтынов,Undirected,Турал,1
Алтынов,Undirected,Франц Кауниц,1
Алтынов,Undirected,Хачатур Однорукий,1
Алтынов,Undirected,Шубин Тимофей Тимофеевич,1
Алтынов,Undirected,Элиза Альтаирская-Луантен,1
Алтынов,Undirected,Эммануил Карлович де Сент-Эстеф,1
Алтынов,Undirected,Эраст Фандорин,1
Амалия Бежецкая,Undirected,Ахимас Вельде,1
Амалия Бежецкая,Undirected,Ахтырцев,1
Амалия Бежецкая,Undirected,Бриллинг,1
Амалия Бежецкая,Undirected,Граф Зуров,1
Амалия Бежецкая,Undirected,Джеральд Каннингем,1
Амалия Бежецкая,Undirected,Елизавета фон Эверт-Колокольцева,1
Амалия Бежецкая,Undirected,Пётр Кокорин,1
Амалия Бежецкая,Undirected,Эраст Фандорин,1
Амалия Бежецкая,Undirected,леди Эстер,1
Анвар-эффенди,Undirected,Варвара Суворова,1
Анвар-эффенди,Undirected,Генерал Мизинов,1
Анвар-эффенди,Undirected,Генерал Соболев,1
Анвар-эффенди,Undirected,Граф Зуров,1
Анвар-эффенди,Undirected,Гукмасов,1
Анвар-эффенди,Undirected,Игнатьев,1
Анвар-эффенди,Undirected,Полковник Лукан,1
Анвар-эффенди,Undirected,Пётр Яблоков,1
Анвар-эффенди,Undirected,Шеймас Маклафлин,1
Анвар-эффенди,Undirected,Эраст Фандорин,1
Анвар-эффенди,Undirected,д'Эвре,1
Ангелина,Undirected,Анисий Тюльпанов,1
Ангелина,Undirected,Бурилин,1
Ангелина,Undirected,Граф Толстой,1
Ангелина,Undirected,Доктор Захаров,1
Ангелина,Undirected,Ижицын,1
Ангелина,Undirected,Маса,1
Ангелина,Undirected,Несвицкая,1
Ангелина,Undirected,Пахоменко,1
Ангелина,Undirected,Соня Тюльпанова,1
Ангелина,Undirected,Соцкий,1
Ангелина,Undirected,Стенич,1
Ангелина,Undirected,Эраст Фандорин,1
Анисий Тюльпанов,Undirected,Антип Сапрыка,1
Анисий Тюльпанов,Undirected,Арсен Люпен,1
Анисий Тюльпанов,Undirected,Архип Мустафин,1
Анисий Тюльпанов,Undirected,Афанасий Кулебякин,1
Анисий Тюльпанов,Undirected,Бурилин,1
Анисий Тюльпанов,Undirected,Ванюхин,1
Анисий Тюльпанов,Undirected,Граф Толстой,1
Анисий Тюльпанов,Undirected,Графиня Эдди,1
Анисий Тюльпанов,Undirected,Доктор Захаров,1
Анисий Тюльпанов,Undirected,Доктор Уотсон,1
Анисий Тюльпанов,Undirected,Доронин,1
Анисий Тюльпанов,Undirected,Дрозд,1
Анисий Тюльпанов,Undirected,Ижицын,1
Анисий Тюльпанов,Undirected,Князь Боровской,1
Анисий Тюльпанов,Undirected,Князь Долгорукой,1
Анисий Тюльпанов,Undirected,Леонард фон Мак,1
Анисий Тюльпанов,Undirected,Лидия Николаевна Одинцова,1
Анисий Тюльпанов,Undirected,Маса,2
Анисий Тюльпанов,Undirected,Мими,1
Анисий Тюльпанов,Undirected,Мисс Палмер,1
Анисий Тюльпанов,Undirected,Момос,1
Анисий Тюльпанов,Undirected,Мосолов,1
Анисий Тюльпанов,Undirected,Несвицкая,1
Анисий Тюльпанов,Undirected,Обер-полицмейстер Шуберт,1
Анисий Тюльпанов,Undirected,Пахоменко,1
Анисий Тюльпанов,Undirected,Самсон Еропкин,1
Анисий Тюльпанов,Undirected,Соня Тюльпанова,1
Анисий Тюльпанов,Undirected,Соцкий,1
Анисий Тюльпанов,Undirected,Стенич,1
Анисий Тюльпанов,Undirected,Шерлок Холмс,1
Анисий Тюльпанов,Undirected,Эраст Фандорин,3
Антип Сапрыка,Undirected,Арсен Люпен,1
Антип Сапрыка,Undirected,Архип Мустафин,1
Антип Сапрыка,Undirected,Афанасий Кулебякин,1
Антип Сапрыка,Undirected,Ванюхин,1
Антип Сапрыка,Undirected,Доктор Уотсон,1
Антип Сапрыка,Undirected,Доронин,1
Антип Сапрыка,Undirected,Дрозд,1
Антип Сапрыка,Undirected,Князь Боровской,1
Антип Сапрыка,Undirected,Леонард фон Мак,1
Антип Сапрыка,Undirected,Лидия Николаевна Одинцова,1
Антип Сапрыка,Undirected,Мисс Палмер,1
Антип Сапрыка,Undirected,Мосолов,1
Антип Сапрыка,Undirected,Обер-полицмейстер Шуберт,1
Антип Сапрыка,Undirected,Шерлок Холмс,1
Антип Сапрыка,Undirected,Эраст Фандорин,1
Аркаша,Undirected,Глаша,1
Аркаша,Undirected,Инга Борецкая,1
Аркаша,Undirected,Казимир Борецкий,1
Аркаша,Undirected,Кролик,1
Аркаша,Undirected,Лидия Борецкая,1
Аркаша,Undirected,Маса,1
Аркаша,Undirected,Роберт Диксон,1
Аркаша,Undirected,Станислав Борецкий,1
Аркаша,Undirected,Степан Слюньков,1
Аркаша,Undirected,Фаддей Поликарпович,1
Аркаша,Undirected,Эраст Фандорин,1
Аркаша,Undirected,Ян Борецкий,1
Арсен Люпен,Undirected,Архип Мустафин,1
Арсен Люпен,Undirected,Афанасий Кулебякин,1
Арсен Люпен,Undirected,Ванюхин,1
Арсен Люпен,Undirected,Доктор Уотсон,1
Арсен Люпен,Undirected,Доронин,1
Арсен Люпен,Undirected,Дрозд,1
Арсен Люпен,Undirected,Князь Боровской,1
Арсен Люпен,Undirected,Леонард фон Мак,1
Арсен Люпен,Undirected,Лидия Николаевна Одинцова,1
Арсен Люпен,Undirected,Мисс Палмер,1
Арсен Люпен,Undirected,Мосолов,1
Арсен Люпен,Undirected,Обер-полицмейстер Шуберт,1
Арсен Люпен,Undirected,Шерлок Холмс,1
Арсен Люпен,Undirected,Эраст Фандорин,1
Архип Мустафин,Undirected,Афанасий Кулебякин,1
Архип Мустафин,Undirected,Ванюхин,1
Архип Мустафин,Undirected,Доктор Уотсон,1
Архип Мустафин,Undirected,Доронин,1
Архип Мустафин,Undirected,Дрозд,1
Архип Мустафин,Undirected,Князь Боровской,1
Архип Мустафин,Undirected,Леонард фон Мак,1
Архип Мустафин,Undirected,Лидия Николаевна Одинцова,1
Архип Мустафин,Undirected,Мисс Палмер,1
Архип Мустафин,Undirected,Мосолов,1
Архип Мустафин,Undirected,Обер-полицмейстер Шуберт,1
Архип Мустафин,Undirected,Шерлок Холмс,1
Архип Мустафин,Undirected,Эраст Фандорин,1
Асагава,Undirected,Афанасий Зюкин,1
Асагава,Undirected,Доронин,1
Асагава,Undirected,Лейтенант Эндлунг,1
Асагава,Undirected,Маса,1
Асагава,Undirected,Мидори,1
Асагава,Undirected,Министр Окубо,1
Асагава,Undirected,Момочи Тамба,1
Асагава,Undirected,Штабс-капитан Рыбников,1
Асагава,Undirected,Эраст Фандорин,1
Афанасий Зюкин ,Undirected,Георгий Александрович Романов,1
Афанасий Зюкин ,Undirected,Доктор Линд,1
Афанасий Зюкин ,Undirected,Изабелла Снежневская,1
Афанасий Зюкин ,Undirected,Кирилл Александрович Романов,1
Афанасий Зюкин ,Undirected,Княжна Ксения,1
Афанасий Зюкин ,Undirected,Лейтенант Эндлунг,1
Афанасий Зюкин ,Undirected,Лорд Бэнвилл,1
Афанасий Зюкин ,Undirected,Мистер Карр,1
Афанасий Зюкин ,Undirected,Мистер Фрейби,1
Афанасий Зюкин ,Undirected,Михаил Романов,1
Афанасий Зюкин ,Undirected,Павел Романов,1
Афанасий Зюкин ,Undirected,Симеон Александрович Романов,1
Афанасий Зюкин ,Undirected,Эмилия,1
Афанасий Зюкин ,Undirected,Эраст Фандорин,1
Афанасий Зюкин,Undirected,Доронин,1
Афанасий Зюкин,Undirected,Лейтенант Эндлунг,1
Афанасий Зюкин,Undirected,Маса,1
Афанасий Зюкин,Undirected,Мидори,1
Афанасий Зюкин,Undirected,Министр Окубо,1
Афанасий Зюкин,Undirected,Момочи Тамба,1
Афанасий Зюкин,Undirected,Штабс-капитан Рыбников,1
Афанасий Зюкин,Undirected,Эраст Фандорин,1
Афанасий Кулебякин,Undirected,Ванюхин,1
Афанасий Кулебякин,Undirected,Доктор Уотсон,1
Афанасий Кулебякин,Undirected,Доронин,1
Афанасий Кулебякин,Undirected,Дрозд,1
Афанасий Кулебякин,Undirected,Князь Боровской,1
Афанасий Кулебякин,Undirected,Леонард фон Мак,1
Афанасий Кулебякин,Undirected,Лидия Николаевна Одинцова,1
Афанасий Кулебякин,Undirected,Мисс Палмер,1
Афанасий Кулебякин,Undirected,Мосолов,1
Афанасий Кулебякин,Undirected,Обер-полицмейстер Шуберт,1
Афанасий Кулебякин,Undirected,Шерлок Холмс,1
Афанасий Кулебякин,Undirected,Эраст Фандорин,1
Ахимас Вельде,Undirected,Ахтырцев,1
Ахимас Вельде,Undirected,Бриллинг,1
Ахимас Вельде,Undirected,Ванда Толле,1
Ахимас Вельде,Undirected,Генерал Соболев,1
Ахимас Вельде,Undirected,Граф Зуров,1
Ахимас Вельде,Undirected,Гукмасов,1
Ахимас Вельде,Undirected,Джеральд Каннингем,1
Ахимас Вельде,Undirected,Елизавета фон Эверт-Колокольцева,1
Ахимас Вельде,Undirected,Князь Долгорукой,1
Ахимас Вельде,Undirected,Пётр Кокорин,1
Ахимас Вельде,Undirected,Фрол Ведищев,1
Ахимас Вельде,Undirected,Эраст Фандорин,2
Ахимас Вельде,Undirected,леди Эстер,1
Ахтырцев,Undirected,Бриллинг,1
Ахтырцев,Undirected,Граф Зуров,1
Ахтырцев,Undirected,Джеральд Каннингем,1
Ахтырцев,Undirected,Елизавета фон Эверт-Колокольцева,1
Ахтырцев,Undirected,Пётр Кокорин,1
Ахтырцев,Undirected,Эраст Фандорин,1
Ахтырцев,Undirected,леди Эстер,1
Банкир Литвинов,Undirected,Генерал-адъютант Храпов,1
Банкир Литвинов,Undirected,Жюли,1
Банкир Литвинов,Undirected,Игла,1
Банкир Литвинов,Undirected,Князь Пожарский,1
Банкир Литвинов,Undirected,Козырь,1
Банкир Литвинов,Undirected,Фрол Ведищев,1
Банкир Литвинов,Undirected,Эраст Фандорин,1
Банкир Литвинов,Undirected,Эсфирь Литвинова,1
Бриллинг,Undirected,Граф Зуров,1
Бриллинг,Undirected,Джеральд Каннингем,1
Бриллинг,Undirected,Елизавета фон Эверт-Колокольцева,1
Бриллинг,Undirected,Пётр Кокорин,1
Бриллинг,Undirected,Эраст Фандорин,1
Бриллинг,Undirected,леди Эстер,1
Бурилин,Undirected,Граф Толстой,1
Бурилин,Undirected,Доктор Захаров,1
Бурилин,Undirected,Ижицын,1
Бурилин,Undirected,Маса,1
Бурилин,Undirected,Несвицкая,1
Бурилин,Undirected,Пахоменко,1
Бурилин,Undirected,Соня Тюльпанова,1
Бурилин,Undirected,Соцкий,1
Бурилин,Undirected,Стенич,1
Бурилин,Undirected,Эраст Фандорин,1
Вайсмюллер,Undirected,Владимир Фёдорович Жуковский,1
Вайсмюллер,Undirected,Гаджи-ага Шамсиев,1
Вайсмюллер,Undirected,Дрозд,1
Вайсмюллер,Undirected,Зафар,1
Вайсмюллер,Undirected,Кара-Гасым,1
Вайсмюллер,Undirected,Краб,1
Вайсмюллер,Undirected,Леонард Арташесов,1
Вайсмюллер,Undirected,Люст,1
Вайсмюллер,Undirected,Маса,1
Вайсмюллер,Undirected,Месроп Карапетович Арташесов,1
Вайсмюллер,Undirected,Муса Джабаров,1
Вайсмюллер,Undirected,Саадат Валидбекова,1
Вайсмюллер,Undirected,Спиридонов,1
Вайсмюллер,Undirected,Тотманн,1
Вайсмюллер,Undirected,Турал,1
Вайсмюллер,Undirected,Франц Кауниц,1
Вайсмюллер,Undirected,Хачатур Однорукий,1
Вайсмюллер,Undirected,Шубин Тимофей Тимофеевич,1
Вайсмюллер,Undirected,Элиза Альтаирская-Луантен,1
Вайсмюллер,Undirected,Эммануил Карлович де Сент-Эстеф,1
Вайсмюллер,Undirected,Эраст Фандорин,1
Ванда Толле,Undirected,Генерал Соболев,1
Ванда Толле,Undirected,Гукмасов,1
Ванда Толле,Undirected,Князь Долгорукой,1
Ванда Толле,Undirected,Фрол Ведищев,1
Ванда Толле,Undirected,Эраст Фандорин,1
Ванюхин,Undirected,Доктор Уотсон,1
Ванюхин,Undirected,Доронин,1
Ванюхин,Undirected,Дрозд,1
Ванюхин,Undirected,Князь Боровской,1
Ванюхин,Undirected,Леонард фон Мак,1
Ванюхин,Undirected,Лидия Николаевна Одинцова,1
Ванюхин,Undirected,Мисс Палмер,1
Ванюхин,Undirected,Мосолов,1
Ванюхин,Undirected,Обер-полицмейстер Шуберт,1
Ванюхин,Undirected,Шерлок Холмс,1
Ванюхин,Undirected,Эраст Фандорин,1
Варвара Суворова,Undirected,Генерал Мизинов,1
Варвара Суворова,Undirected,Генерал Соболев,1
Варвара Суворова,Undirected,Граф Зуров,1
Варвара Суворова,Undirected,Гукмасов,1
Варвара Суворова,Undirected,Игнатьев,1
Варвара Суворова,Undirected,Полковник Лукан,1
Варвара Суворова,Undirected,Пётр Яблоков,1
Варвара Суворова,Undirected,Шеймас Маклафлин,1
Варвара Суворова,Undirected,Эраст Фандорин,1
Варвара Суворова,Undirected,д'Эвре,1
Владимир Фёдорович Жуковский,Undirected,Гаджи-ага Шамсиев,1
Владимир Фёдорович Жуковский,Undirected,Дрозд,1
Владимир Фёдорович Жуковский,Undirected,Зафар,1
Владимир Фёдорович Жуковский,Undirected,Кара-Гасым,1
Владимир Фёдорович Жуковский,Undirected,Краб,1
Владимир Фёдорович Жуковский,Undirected,Леонард Арташесов,1
Владимир Фёдорович Жуковский,Undirected,Люст,1
Владимир Фёдорович Жуковский,Undirected,Маса,1
Владимир Фёдорович Жуковский,Undirected,Месроп Карапетович Арташесов,1
Владимир Фёдорович Жуковский,Undirected,Муса Джабаров,1
Владимир Фёдорович Жуковский,Undirected,Саадат Валидбекова,1
Владимир Фёдорович Жуковский,Undirected,Спиридонов,1
Владимир Фёдорович Жуковский,Undirected,Тотманн,1
Владимир Фёдорович Жуковский,Undirected,Турал,1
Владимир Фёдорович Жуковский,Undirected,Франц Кауниц,1
Владимир Фёдорович Жуковский,Undirected,Хачатур Однорукий,1
Владимир Фёдорович Жуковский,Undirected,Шубин Тимофей Тимофеевич,1
Владимир Фёдорович Жуковский,Undirected,Элиза Альтаирская-Луантен,1
Владимир Фёдорович Жуковский,Undirected,Эммануил Карлович де Сент-Эстеф,1
Владимир Фёдорович Жуковский,Undirected,Эраст Фандорин,1
Гаджи-ага Шамсиев,Undirected,Дрозд,1
Гаджи-ага Шамсиев,Undirected,Зафар,1
Гаджи-ага Шамсиев,Undirected,Кара-Гасым,1
Гаджи-ага Шамсиев,Undirected,Краб,1
Гаджи-ага Шамсиев,Undirected,Леонард Арташесов,1
Гаджи-ага Шамсиев,Undirected,Люст,1
Гаджи-ага Шамсиев,Undirected,Маса,1
Гаджи-ага Шамсиев,Undirected,Месроп Карапетович Арташесов,1
Гаджи-ага Шамсиев,Undirected,Муса Джабаров,1
Гаджи-ага Шамсиев,Undirected,Саадат Валидбекова,1
Гаджи-ага Шамсиев,Undirected,Спиридонов,1
Гаджи-ага Шамсиев,Undirected,Тотманн,1
Гаджи-ага Шамсиев,Undirected,Турал,1
Гаджи-ага Шамсиев,Undirected,Франц Кауниц,1
Гаджи-ага Шамсиев,Undirected,Хачатур Однорукий,1
Гаджи-ага Шамсиев,Undirected,Шубин Тимофей Тимофеевич,1
Гаджи-ага Шамсиев,Undirected,Элиза Альтаирская-Луантен,1
Гаджи-ага Шамсиев,Undirected,Эммануил Карлович де Сент-Эстеф,1
Гаджи-ага Шамсиев,Undirected,Эраст Фандорин,1
Генерал Мизинов,Undirected,Генерал Соболев,1
Генерал Мизинов,Undirected,Граф Зуров,1
Генерал Мизинов,Undirected,Гукмасов,1
Генерал Мизинов,Undirected,Игнатьев,1
Генерал Мизинов,Undirected,Полковник Лукан,1
Генерал Мизинов,Undirected,Пётр Яблоков,1
Генерал Мизинов,Undirected,Шеймас Маклафлин,1
Генерал Мизинов,Undirected,Эраст Фандорин,1
Генерал Мизинов,Undirected,д'Эвре,1
Генерал Соболев,Undirected,Граф Зуров,1
Генерал Соболев,Undirected,Гукмасов,2
Генерал Соболев,Undirected,Игнатьев,1
Генерал Соболев,Undirected,Князь Долгорукой,1
Генерал Соболев,Undirected,Полковник Лукан,1
Генерал Соболев,Undirected,Пётр Яблоков,1
Генерал Соболев,Undirected,Фрол Ведищев,1
Генерал Соболев,Undirected,Шеймас Маклафлин,1
Генерал Соболев,Undirected,Эраст Фандорин,2
Генерал Соболев,Undirected,д'Эвре,1
Генерал-адъютант Храпов,Undirected,Жюли,1
Генерал-адъютант Храпов,Undirected,Игла,1
Генерал-адъютант Храпов,Undirected,Князь Пожарский,1
Генерал-адъютант Храпов,Undirected,Козырь,1
Генерал-адъютант Храпов,Undirected,Фрол Ведищев,1
Генерал-адъютант Храпов,Undirected,Эраст Фандорин,1
Генерал-адъютант Храпов,Undirected,Эсфирь Литвинова,1
Георгий Александрович Романов,Undirected,Доктор Линд,1
Георгий Александрович Романов,Undirected,Изабелла Снежневская,1
Георгий Александрович Романов,Undirected,Кирилл Александрович Романов,1
Георгий Александрович Романов,Undirected,Княжна Ксения,1
Георгий Александрович Романов,Undirected,Лейтенант Эндлунг,1
Георгий Александрович Романов,Undirected,Лорд Бэнвилл,1
Георгий Александрович Романов,Undirected,Мистер Карр,1
Георгий Александрович Романов,Undirected,Мистер Фрейби,1
Георгий Александрович Романов,Undirected,Михаил Романов,1
Георгий Александрович Романов,Undirected,Павел Романов,1
Георгий Александрович Романов,Undirected,Симеон Александрович Романов,1
Георгий Александрович Романов,Undirected,Эмилия,1
Георгий Александрович Романов,Undirected,Эраст Фандорин,1
Гинтаро Аоно,Undirected,Гюстав Гош,1
Гинтаро Аоно,Undirected,Кларисса Стамп,1
Гинтаро Аоно,Undirected,Лорд Литтлби,1
Гинтаро Аоно,Undirected,Профессор Свитчайлд,1
Гинтаро Аоно,Undirected,Реджинальд Милфорд-Стоукс,1
Гинтаро Аоно,Undirected,Рената Клебер,1
Гинтаро Аоно,Undirected,Труффо,1
Гинтаро Аоно,Undirected,Шарль Ренье,1
Гинтаро Аоно,Undirected,Эраст Фандорин,1
Глаша,Undirected,Инга Борецкая,1
Глаша,Undirected,Казимир Борецкий,1
Глаша,Undirected,Кролик,1
Глаша,Undirected,Лидия Борецкая,1
Глаша,Undirected,Маса,1
Глаша,Undirected,Роберт Диксон,1
Глаша,Undirected,Станислав Борецкий,1
Глаша,Undirected,Степан Слюньков,1
Глаша,Undirected,Фаддей Поликарпович,1
Глаша,Undirected,Эраст Фандорин,1
Глаша,Undirected,Ян Борецкий,1
Граф Зуров,Undirected,Гукмасов,1
Граф Зуров,Undirected,Джеральд Каннингем,1
Граф Зуров,Undirected,Елизавета фон Эверт-Колокольцева,1
Граф Зуров,Undirected,Игнатьев,1
Граф Зуров,Undirected,Полковник Лукан,1
Граф Зуров,Undirected,Пётр Кокорин,1
Граф Зуров,Undirected,Пётр Яблоков,1
Граф Зуров,Undirected,Шеймас Маклафлин,1
Граф Зуров,Undirected,Эраст Фандорин,2
Граф Зуров,Undirected,д'Эвре,1
Граф Зуров,Undirected,леди Эстер,1
Граф Толстой,Undirected,Доктор Захаров,1
Граф Толстой,Undirected,Ижицын,1
Граф Толстой,Undirected,Маса,1
Граф Толстой,Undirected,Несвицкая,1
Граф Толстой,Undirected,Пахоменко,1
Граф Толстой,Undirected,Соня Тюльпанова,1
Граф Толстой,Undirected,Соцкий,1
Граф Толстой,Undirected,Стенич,1
Граф Толстой,Undirected,Эраст Фандорин,1
Графиня Эдди,Undirected,Князь Долгорукой,1
Графиня Эдди,Undirected,Маса,1
Графиня Эдди,Undirected,Мими,1
Графиня Эдди,Undirected,Момос,1
Графиня Эдди,Undirected,Самсон Еропкин,1
Графиня Эдди,Undirected,Эраст Фандорин,1
Гукмасов,Undirected,Игнатьев,1
Гукмасов,Undirected,Князь Долгорукой,1
Гукмасов,Undirected,Полковник Лукан,1
Гукмасов,Undirected,Пётр Яблоков,1
Гукмасов,Undirected,Фрол Ведищев,1
Гукмасов,Undirected,Шеймас Маклафлин,1
Гукмасов,Undirected,Эраст Фандорин,2
Гукмасов,Undirected,д'Эвре,1
Гюстав Гош,Undirected,Кларисса Стамп,1
Гюстав Гош,Undirected,Лорд Литтлби,1
Гюстав Гош,Undirected,Профессор Свитчайлд,1
Гюстав Гош,Undirected,Реджинальд Милфорд-Стоукс,1
Гюстав Гош,Undirected,Рената Клебер,1
Гюстав Гош,Undirected,Труффо,1
Гюстав Гош,Undirected,Шарль Ренье,1
Гюстав Гош,Undirected,Эраст Фандорин,1
Девяткин,Undirected,Зоя Дурова,1
Девяткин,Undirected,Клубникина,1
Девяткин,Undirected,Лимбах,1
Девяткин,Undirected,Липков,1
Девяткин,Undirected,Лисицкая,1
Девяткин,Undirected,Ловчилин,1
Девяткин,Undirected,Маса,1
Девяткин,Undirected,Мефистов,1
Девяткин,Undirected,Мистер Свист,1
Девяткин,Undirected,Ной Штерн,1
Девяткин,Undirected,Ольга Книппер-Чехова,1
Девяткин,Undirected,Простаков,1
Девяткин,Undirected,Разумовский,1
Девяткин,Undirected,Регинина,1
Девяткин,Undirected,Сенька Скорик,1
Девяткин,Undirected,Смарагдов,1
Девяткин,Undirected,Субботин,1
Девяткин,Undirected,Царьков,1
Девяткин,Undirected,Шустров,1
Девяткин,Undirected,Элиза Альтаирская-Луантен,1
Девяткин,Undirected,Эраст Фандорин,1
Джеральд Каннингем,Undirected,Елизавета фон Эверт-Колокольцева,1
Джеральд Каннингем,Undirected,Пётр Кокорин,1
Джеральд Каннингем,Undirected,Эраст Фандорин,1
Джеральд Каннингем,Undirected,леди Эстер,1
Доктор Захаров,Undirected,Ижицын,1
Доктор Захаров,Undirected,Маса,1
Доктор Захаров,Undirected,Несвицкая,1
Доктор Захаров,Undirected,Пахоменко,1
Доктор Захаров,Undirected,Соня Тюльпанова,1
Доктор Захаров,Undirected,Соцкий,1
Доктор Захаров,Undirected,Стенич,1
Доктор Захаров,Undirected,Эраст Фандорин,1
Доктор Линд,Undirected,Изабелла Снежневская,1
Доктор Линд,Undirected,Кирилл Александрович Романов,1
Доктор Линд,Undirected,Княжна Ксения,1
Доктор Линд,Undirected,Лейтенант Эндлунг,1
Доктор Линд,Undirected,Лорд Бэнвилл,1
Доктор Линд,Undirected,Мистер Карр,1
Доктор Линд,Undirected,Мистер Фрейби,1
Доктор Линд,Undirected,Михаил Романов,1
Доктор Линд,Undirected,Павел Романов,1
Доктор Линд,Undirected,Симеон Александрович Романов,1
Доктор Линд,Undirected,Эмилия,1
Доктор Линд,Undirected,Эраст Фандорин,1
Доктор Уотсон,Undirected,Доронин,1
Доктор Уотсон,Undirected,Дрозд,1
Доктор Уотсон,Undirected,Князь Боровской,1
Доктор Уотсон,Undirected,Леонард фон Мак,1
Доктор Уотсон,Undirected,Лидия Николаевна Одинцова,1
Доктор Уотсон,Undirected,Мисс Палмер,1
Доктор Уотсон,Undirected,Мосолов,1
Доктор Уотсон,Undirected,Обер-полицмейстер Шуберт,1
Доктор Уотсон,Undirected,Шерлок Холмс,1
Доктор Уотсон,Undirected,Эраст Фандорин,1
Доронин,Undirected,Дрозд,1
Доронин,Undirected,Князь Боровской,1
Доронин,Undirected,Лейтенант Эндлунг,1
Доронин,Undirected,Леонард фон Мак,1
Доронин,Undirected,Лидия Николаевна Одинцова,1
Доронин,Undirected,Маса,1
Доронин,Undirected,Мидори,1
Доронин,Undirected,Министр Окубо,1
Доронин,Undirected,Мисс Палмер,1
Доронин,Undirected,Момочи Тамба,1
Доронин,Undirected,Мосолов,1
Доронин,Undirected,Обер-полицмейстер Шуберт,1
Доронин,Undirected,Шерлок Холмс,1
Доронин,Undirected,Штабс-капитан Рыбников,1
Доронин,Undirected,Эраст Фандорин,2
Дрозд,Undirected,Зафар,1
Дрозд,Undirected,Кара-Гасым,1
Дрозд,Undirected,Князь Боровской,1
Дрозд,Undirected,Краб,1
Дрозд,Undirected,Леонард Арташесов,1
Дрозд,Undirected,Леонард фон Мак,1
Дрозд,Undirected,Лидия Николаевна Одинцова,1
Дрозд,Undirected,Люст,1
Дрозд,Undirected,Маса,1
Дрозд,Undirected,Месроп Карапетович Арташесов,1
Дрозд,Undirected,Мисс Палмер,1
Дрозд,Undirected,Мосолов,1
Дрозд,Undirected,Муса Джабаров,1
Дрозд,Undirected,Обер-полицмейстер Шуберт,1
Дрозд,Undirected,Саадат Валидбекова,1
Дрозд,Undirected,Спиридонов,1
Дрозд,Undirected,Тотманн,1
Дрозд,Undirected,Турал,1
Дрозд,Undirected,Франц Кауниц,1
Дрозд,Undirected,Хачатур Однорукий,1
Дрозд,Undirected,Шерлок Холмс,1
Дрозд,Undirected,Шубин Тимофей Тимофеевич,1
Дрозд,Undirected,Элиза Альтаирская-Луантен,1
Дрозд,Undirected,Эммануил Карлович де Сент-Эстеф,1
Дрозд,Undirected,Эраст Фандорин,2
Елизавета фон Эверт-Колокольцева,Undirected,Пётр Кокорин,1
Елизавета фон Эверт-Колокольцева,Undirected,Эраст Фандорин,1
Елизавета фон Эверт-Колокольцева,Undirected,леди Эстер,1
Жюли,Undirected,Игла,1
Жюли,Undirected,Князь Пожарский,1
Жюли,Undirected,Козырь,1
Жюли,Undirected,Фрол Ведищев,1
Жюли,Undirected,Эраст Фандорин,1
Жюли,Undirected,Эсфирь Литвинова,1
Зафар,Undirected,Кара-Гасым,1
Зафар,Undirected,Краб,1
Зафар,Undirected,Леонард Арташесов,1
Зафар,Undirected,Люст,1
Зафар,Undirected,Маса,1
Зафар,Undirected,Месроп Карапетович Арташесов,1
Зафар,Undirected,Муса Джабаров,1
Зафар,Undirected,Саадат Валидбекова,1
Зафар,Undirected,Спиридонов,1
Зафар,Undirected,Тотманн,1
Зафар,Undirected,Турал,1
Зафар,Undirected,Франц Кауниц,1
Зафар,Undirected,Хачатур Однорукий,1
Зафар,Undirected,Шубин Тимофей Тимофеевич,1
Зафар,Undirected,Элиза Альтаирская-Луантен,1
Зафар,Undirected,Эммануил Карлович де Сент-Эстеф,1
Зафар,Undirected,Эраст Фандорин,1
Зоя Дурова,Undirected,Клубникина,1
Зоя Дурова,Undirected,Лимбах,1
Зоя Дурова,Undirected,Липков,1
Зоя Дурова,Undirected,Лисицкая,1
Зоя Дурова,Undirected,Ловчилин,1
Зоя Дурова,Undirected,Маса,1
Зоя Дурова,Undirected,Мефистов,1
Зоя Дурова,Undirected,Мистер Свист,1
Зоя Дурова,Undirected,Ной Штерн,1
Зоя Дурова,Undirected,Ольга Книппер-Чехова,1
Зоя Дурова,Undirected,Простаков,1
Зоя Дурова,Undirected,Разумовский,1
Зоя Дурова,Undirected,Регинина,1
Зоя Дурова,Undirected,Сенька Скорик,1
Зоя Дурова,Undirected,Смарагдов,1
Зоя Дурова,Undirected,Субботин,1
Зоя Дурова,Undirected,Царьков,1
Зоя Дурова,Undirected,Шустров,1
Зоя Дурова,Undirected,Элиза Альтаирская-Луантен,1
Зоя Дурова,Undirected,Эраст Фандорин,1
Игла,Undirected,Князь Пожарский,1
Игла,Undirected,Козырь,1
Игла,Undirected,Фрол Ведищев,1
Игла,Undirected,Эраст Фандорин,1
Игла,Undirected,Эсфирь Литвинова,1
Игнатьев,Undirected,Полковник Лукан,1
Игнатьев,Undirected,Пётр Яблоков,1
Игнатьев,Undirected,Шеймас Маклафлин,1
Игнатьев,Undirected,Эраст Фандорин,1
Игнатьев,Undirected,д'Эвре,1
Ижицын,Undirected,Маса,1
Ижицын,Undirected,Несвицкая,1
Ижицын,Undirected,Пахоменко,1
Ижицын,Undirected,Соня Тюльпанова,1
Ижицын,Undirected,Соцкий,1
Ижицын,Undirected,Стенич,1
Ижицын,Undirected,Эраст Фандорин,1
Изабелла Снежневская,Undirected,Кирилл Александрович Романов,1
Изабелла Снежневская,Undirected,Княжна Ксения,1
Изабелла Снежневская,Undirected,Лейтенант Эндлунг,1
Изабелла Снежневская,Undirected,Лорд Бэнвилл,1
Изабелла Снежневская,Undirected,Мистер Карр,1
Изабелла Снежневская,Undirected,Мистер Фрейби,1
Изабелла Снежневская,Undirected,Михаил Романов,1
Изабелла Снежневская,Undirected,Павел Романов,1
Изабелла Снежневская,Undirected,Симеон Александрович Романов,1
Изабелла Снежневская,Undirected,Эмилия,1
Изабелла Снежневская,Undirected,Эраст Фандорин,1
Инга Борецкая,Undirected,Казимир Борецкий,1
Инга Борецкая,Undirected,Кролик,1
Инга Борецкая,Undirected,Лидия Борецкая,1
Инга Борецкая,Undirected,Маса,1
Инга Борецкая,Undirected,Роберт Диксон,1
Инга Борецкая,Undirected,Станислав Борецкий,1
Инга Борецкая,Undirected,Степан Слюньков,1
Инга Борецкая,Undirected,Фаддей Поликарпович,1
Инга Борецкая,Undirected,Эраст Фандорин,1
Инга Борецкая,Undirected,Ян Борецкий,1
Казимир Борецкий,Undirected,Кролик,1
Казимир Борецкий,Undirected,Лидия Борецкая,1
Казимир Борецкий,Undirected,Маса,1
Казимир Борецкий,Undirected,Роберт Диксон,1
Казимир Борецкий,Undirected,Станислав Борецкий,1
Казимир Борецкий,Undirected,Степан Слюньков,1
Казимир Борецкий,Undirected,Фаддей Поликарпович,1
Казимир Борецкий,Undirected,Эраст Фандорин,1
Казимир Борецкий,Undirected,Ян Борецкий,1
Калибан,Undirected,Маша Миронова,1
Калибан,Undirected,Просперо,1
Калибан,Undirected,Черубино,1
Калибан,Undirected,Эраст Фандорин,1
Кара-Гасым,Undirected,Краб,1
Кара-Гасым,Undirected,Леонард Арташесов,1
Кара-Гасым,Undirected,Люст,1
Кара-Гасым,Undirected,Маса,1
Кара-Гасым,Undirected,Месроп Карапетович Арташесов,1
Кара-Гасым,Undirected,Муса Джабаров,1
Кара-Гасым,Undirected,Саадат Валидбекова,1
Кара-Гасым,Undirected,Спиридонов,1
Кара-Гасым,Undirected,Тотманн,1
Кара-Гасым,Undirected,Турал,1
Кара-Гасым,Undirected,Франц Кауниц,1
Кара-Гасым,Undirected,Хачатур Однорукий,1
Кара-Гасым,Undirected,Шубин Тимофей Тимофеевич,1
Кара-Гасым,Undirected,Элиза Альтаирская-Луантен,1
Кара-Гасым,Undirected,Эммануил Карлович де Сент-Эстеф,1
Кара-Гасым,Undirected,Эраст Фандорин,1
Кирилл Александрович Романов,Undirected,Княжна Ксения,1
Кирилл Александрович Романов,Undirected,Лейтенант Эндлунг,1
Кирилл Александрович Романов,Undirected,Лорд Бэнвилл,1
Кирилл Александрович Романов,Undirected,Мистер Карр,1
Кирилл Александрович Романов,Undirected,Мистер Фрейби,1
Кирилл Александрович Романов,Undirected,Михаил Романов,1
Кирилл Александрович Романов,Undirected,Павел Романов,1
Кирилл Александрович Романов,Undirected,Симеон Александрович Романов,1
Кирилл Александрович Романов,Undirected,Эмилия,1
Кирилл Александрович Романов,Undirected,Эраст Фандорин,1
Кларисса Стамп,Undirected,Лорд Литтлби,1
Кларисса Стамп,Undirected,Профессор Свитчайлд,1
Кларисса Стамп,Undirected,Реджинальд Милфорд-Стоукс,1
Кларисса Стамп,Undirected,Рената Клебер,1
Кларисса Стамп,Undirected,Труффо,1
Кларисса Стамп,Undirected,Шарль Ренье,1
Кларисса Стамп,Undirected,Эраст Фандорин,1
Клубникина,Undirected,Лимбах,1
Клубникина,Undirected,Липков,1
Клубникина,Undirected,Лисицкая,1
Клубникина,Undirected,Ловчилин,1
Клубникина,Undirected,Маса,1
Клубникина,Undirected,Мефистов,1
Клубникина,Undirected,Мистер Свист,1
Клубникина,Undirected,Ной Штерн,1
Клубникина,Undirected,Ольга Книппер-Чехова,1
Клубникина,Undirected,Простаков,1
Клубникина,Undirected,Разумовский,1
Клубникина,Undirected,Регинина,1
Клубникина,Undirected,Сенька Скорик,1
Клубникина,Undirected,Смарагдов,1
Клубникина,Undirected,Субботин,1
Клубникина,Undirected,Царьков,1
Клубникина,Undirected,Шустров,1
Клубникина,Undirected,Элиза Альтаирская-Луантен,1
Клубникина,Undirected,Эраст Фандорин,1
Княжна Ксения,Undirected,Лейтенант Эндлунг,1
Княжна Ксения,Undirected,Лорд Бэнвилл,1
Княжна Ксения,Undirected,Мистер Карр,1
Княжна Ксения,Undirected,Мистер Фрейби,1
Княжна Ксения,Undirected,Михаил Романов,1
Княжна Ксения,Undirected,Павел Романов,1
Княжна Ксения,Undirected,Симеон Александрович Романов,1
Княжна Ксения,Undirected,Эмилия,1
Княжна Ксения,Undirected,Эраст Фандорин,1
Князь Боровской,Undirected,Леонард фон Мак,1
Князь Боровской,Undirected,Лидия Николаевна Одинцова,1
Князь Боровской,Undirected,Мисс Палмер,1
Князь Боровской,Undirected,Мосолов,1
Князь Боровской,Undirected,Обер-полицмейстер Шуберт,1
Князь Боровской,Undirected,Шерлок Холмс,1
Князь Боровской,Undirected,Эраст Фандорин,1
Князь Долгорукой,Undirected,Маса,1
Князь Долгорукой,Undirected,Мими,1
Князь Долгорукой,Undirected,Момос,1
Князь Долгорукой,Undirected,Самсон Еропкин,1
Князь Долгорукой,Undirected,Фрол Ведищев,1
Князь Долгорукой,Undirected,Эраст Фандорин,2
Князь Пожарский,Undirected,Козырь,1
Князь Пожарский,Undirected,Фрол Ведищев,1
Князь Пожарский,Undirected,Эраст Фандорин,1
Князь Пожарский,Undirected,Эсфирь Литвинова,1
Князь,Undirected,Очко,1
Князь,Undirected,Сенька Скориков,1
Князь,Undirected,Смерть,1
Князь,Undirected,Упырь,1
Князь,Undirected,Эраст Фандорин,1
Козырь,Undirected,Фрол Ведищев,1
Козырь,Undirected,Эраст Фандорин,1
Козырь,Undirected,Эсфирь Литвинова,1
Краб,Undirected,Леонард Арташесов,1
Краб,Undirected,Люст,1
Краб,Undirected,Маса,1
Краб,Undirected,Месроп Карапетович Арташесов,1
Краб,Undirected,Муса Джабаров,1
Краб,Undirected,Саадат Валидбекова,1
Краб,Undirected,Спиридонов,1
Краб,Undirected,Тотманн,1
Краб,Undirected,Турал,1
Краб,Undirected,Франц Кауниц,1
Краб,Undirected,Хачатур Однорукий,1
Краб,Undirected,Шубин Тимофей Тимофеевич,1
Краб,Undirected,Элиза Альтаирская-Луантен,1
Краб,Undirected,Эммануил Карлович де Сент-Эстеф,1
Краб,Undirected,Эраст Фандорин,1
Кролик,Undirected,Лидия Борецкая,1
Кролик,Undirected,Маса,1
Кролик,Undirected,Роберт Диксон,1
Кролик,Undirected,Станислав Борецкий,1
Кролик,Undirected,Степан Слюньков,1
Кролик,Undirected,Фаддей Поликарпович,1
Кролик,Undirected,Эраст Фандорин,1
Кролик,Undirected,Ян Борецкий,1
Лейтенант Эндлунг,Undirected,Лорд Бэнвилл,1
Лейтенант Эндлунг,Undirected,Маса,1
Лейтенант Эндлунг,Undirected,Мидори,1
Лейтенант Эндлунг,Undirected,Министр Окубо,1
Лейтенант Эндлунг,Undirected,Мистер Карр,1
Лейтенант Эндлунг,Undirected,Мистер Фрейби,1
Лейтенант Эндлунг,Undirected,Михаил Романов,1
Лейтенант Эндлунг,Undirected,Момочи Тамба,1
Лейтенант Эндлунг,Undirected,Павел Романов,1
Лейтенант Эндлунг,Undirected,Симеон Александрович Романов,1
Лейтенант Эндлунг,Undirected,Штабс-капитан Рыбников,1
Лейтенант Эндлунг,Undirected,Эмилия,1
Лейтенант Эндлунг,Undirected,Эраст Фандорин,2
Леонард Арташесов,Undirected,Люст,1
Леонард Арташесов,Undirected,Маса,1
Леонард Арташесов,Undirected,Месроп Карапетович Арташесов,1
Леонард Арташесов,Undirected,Муса Джабаров,1
Леонард Арташесов,Undirected,Саадат Валидбекова,1
Леонард Арташесов,Undirected,Спиридонов,1
Леонард Арташесов,Undirected,Тотманн,1
Леонард Арташесов,Undirected,Турал,1
Леонард Арташесов,Undirected,Франц Кауниц,1
Леонард Арташесов,Undirected,Хачатур Однорукий,1
Леонард Арташесов,Undirected,Шубин Тимофей Тимофеевич,1
Леонард Арташесов,Undirected,Элиза Альтаирская-Луантен,1
Леонард Арташесов,Undirected,Эммануил Карлович де Сент-Эстеф,1
Леонард Арташесов,Undirected,Эраст Фандорин,1
Леонард фон Мак,Undirected,Лидия Николаевна Одинцова,1
Леонард фон Мак,Undirected,Мисс Палмер,1
Леонард фон Мак,Undirected,Мосолов,1
Леонард фон Мак,Undirected,Обер-полицмейстер Шуберт,1
Леонард фон Мак,Undirected,Шерлок Холмс,1
Леонард фон Мак,Undirected,Эраст Фандорин,1
Лидия Борецкая,Undirected,Маса,1
Лидия Борецкая,Undirected,Роберт Диксон,1
Лидия Борецкая,Undirected,Станислав Борецкий,1
Лидия Борецкая,Undirected,Степан Слюньков,1
Лидия Борецкая,Undirected,Фаддей Поликарпович,1
Лидия Борецкая,Undirected,Эраст Фандорин,1
Лидия Борецкая,Undirected,Ян Борецкий,1
Лидия Николаевна Одинцова,Undirected,Мисс Палмер,1
Лидия Николаевна Одинцова,Undirected,Мосолов,1
Лидия Николаевна Одинцова,Undirected,Обер-полицмейстер Шуберт,1
Лидия Николаевна Одинцова,Undirected,Шерлок Холмс,1
Лидия Николаевна Одинцова,Undirected,Эраст Фандорин,1
Лимбах,Undirected,Липков,1
Лимбах,Undirected,Лисицкая,1
Лимбах,Undirected,Ловчилин,1
Лимбах,Undirected,Маса,1
Лимбах,Undirected,Мефистов,1
Лимбах,Undirected,Мистер Свист,1
Лимбах,Undirected,Ной Штерн,1
Лимбах,Undirected,Ольга Книппер-Чехова,1
Лимбах,Undirected,Простаков,1
Лимбах,Undirected,Разумовский,1
Лимбах,Undirected,Регинина,1
Лимбах,Undirected,Сенька Скорик,1
Лимбах,Undirected,Смарагдов,1
Лимбах,Undirected,Субботин,1
Лимбах,Undirected,Царьков,1
Лимбах,Undirected,Шустров,1
Лимбах,Undirected,Элиза Альтаирская-Луантен,1
Лимбах,Undirected,Эраст Фандорин,1
Липков,Undirected,Лисицкая,1
Липков,Undirected,Ловчилин,1
Липков,Undirected,Маса,1
Липков,Undirected,Мефистов,1
Липков,Undirected,Мистер Свист,1
Липков,Undirected,Ной Штерн,1
Липков,Undirected,Ольга Книппер-Чехова,1
Липков,Undirected,Простаков,1
Липков,Undirected,Разумовский,1
Липков,Undirected,Регинина,1
Липков,Undirected,Сенька Скорик,1
Липков,Undirected,Смарагдов,1
Липков,Undirected,Субботин,1
Липков,Undirected,Царьков,1
Липков,Undirected,Шустров,1
Липков,Undirected,Элиза Альтаирская-Луантен,1
Липков,Undirected,Эраст Фандорин,1
Лисицкая,Undirected,Ловчилин,1
Лисицкая,Undirected,Маса,1
Лисицкая,Undirected,Мефистов,1
Лисицкая,Undirected,Мистер Свист,1
Лисицкая,Undirected,Ной Штерн,1
Лисицкая,Undirected,Ольга Книппер-Чехова,1
Лисицкая,Undirected,Простаков,1
Лисицкая,Undirected,Разумовский,1
Лисицкая,Undirected,Регинина,1
Лисицкая,Undirected,Сенька Скорик,1
Лисицкая,Undirected,Смарагдов,1
Лисицкая,Undirected,Субботин,1
Лисицкая,Undirected,Царьков,1
Лисицкая,Undirected,Шустров,1
Лисицкая,Undirected,Элиза Альтаирская-Луантен,1
Лисицкая,Undirected,Эраст Фандорин,1
Ловчилин,Undirected,Маса,1
Ловчилин,Undirected,Мефистов,1
Ловчилин,Undirected,Мистер Свист,1
Ловчилин,Undirected,Ной Штерн,1
Ловчилин,Undirected,Ольга Книппер-Чехова,1
Ловчилин,Undirected,Простаков,1
Ловчилин,Undirected,Разумовский,1
Ловчилин,Undirected,Регинина,1
Ловчилин,Undirected,Сенька Скорик,1
Ловчилин,Undirected,Смарагдов,1
Ловчилин,Undirected,Субботин,1
Ловчилин,Undirected,Царьков,1
Ловчилин,Undirected,Шустров,1
Ловчилин,Undirected,Элиза Альтаирская-Луантен,1
Ловчилин,Undirected,Эраст Фандорин,1
Лорд Бэнвилл,Undirected,Мистер Карр,1
Лорд Бэнвилл,Undirected,Мистер Фрейби,1
Лорд Бэнвилл,Undirected,Михаил Романов,1
Лорд Бэнвилл,Undirected,Павел Романов,1
Лорд Бэнвилл,Undirected,Симеон Александрович Романов,1
Лорд Бэнвилл,Undirected,Эмилия,1
Лорд Бэнвилл,Undirected,Эраст Фандорин,1
Лорд Литтлби,Undirected,Профессор Свитчайлд,1
Лорд Литтлби,Undirected,Реджинальд Милфорд-Стоукс,1
Лорд Литтлби,Undirected,Рената Клебер,1
Лорд Литтлби,Undirected,Труффо,1
Лорд Литтлби,Undirected,Шарль Ренье,1
Лорд Литтлби,Undirected,Эраст Фандорин,1
Люст,Undirected,Маса,1
Люст,Undirected,Месроп Карапетович Арташесов,1
Люст,Undirected,Муса Джабаров,1
Люст,Undirected,Саадат Валидбекова,1
Люст,Undirected,Спиридонов,1
Люст,Undirected,Тотманн,1
Люст,Undirected,Турал,1
Люст,Undirected,Франц Кауниц,1
Люст,Undirected,Хачатур Однорукий,1
Люст,Undirected,Шубин Тимофей Тимофеевич,1
Люст,Undirected,Элиза Альтаирская-Луантен,1
Люст,Undirected,Эммануил Карлович де Сент-Эстеф,1
Люст,Undirected,Эраст Фандорин,1
Маса,Undirected,Месроп Карапетович Арташесов,1
Маса,Undirected,Мефистов,1
Маса,Undirected,Мидори,1
Маса,Undirected,Мими,1
Маса,Undirected,Министр Окубо,1
Маса,Undirected,Мистер Свист,1
Маса,Undirected,Момос,1
Маса,Undirected,Момочи Тамба,1
Маса,Undirected,Муса Джабаров,1
Маса,Undirected,Несвицкая,1
Маса,Undirected,Ной Штерн,1
Маса,Undirected,Ольга Книппер-Чехова,1
Маса,Undirected,Пахоменко,1
Маса,Undirected,Простаков,1
Маса,Undirected,Разумовский,1
Маса,Undirected,Регинина,1
Маса,Undirected,Роберт Диксон,1
Маса,Undirected,Саадат Валидбекова,1
Маса,Undirected,Самсон Еропкин,1
Маса,Undirected,Сенька Скорик,1
Маса,Undirected,Смарагдов,1
Маса,Undirected,Соня Тюльпанова,1
Маса,Undirected,Соцкий,1
Маса,Undirected,Спиридонов,1
Маса,Undirected,Станислав Борецкий,1
Маса,Undirected,Стенич,1
Маса,Undirected,Степан Слюньков,1
Маса,Undirected,Субботин,1
Маса,Undirected,Тотманн,1
Маса,Undirected,Турал,1
Маса,Undirected,Фаддей Поликарпович,1
Маса,Undirected,Франц Кауниц,1
Маса,Undirected,Хачатур Однорукий,1
Маса,Undirected,Царьков,1
Маса,Undirected,Штабс-капитан Рыбников,1
Маса,Undirected,Шубин Тимофей Тимофеевич,1
Маса,Undirected,Шустров,1
Маса,Undirected,Элиза Альтаирская-Луантен,2
Маса,Undirected,Эммануил Карлович де Сент-Эстеф,1
Маса,Undirected,Эраст Фандорин,7
Маса,Undirected,Ян Борецкий,1
Маша Миронова,Undirected,Просперо,1
Маша Миронова,Undirected,Черубино,1
Маша Миронова,Undirected,Эраст Фандорин,1
Месроп Карапетович Арташесов,Undirected,Муса Джабаров,1
Месроп Карапетович Арташесов,Undirected,Саадат Валидбекова,1
Месроп Карапетович Арташесов,Undirected,Спиридонов,1
Месроп Карапетович Арташесов,Undirected,Тотманн,1
Месроп Карапетович Арташесов,Undirected,Турал,1
Месроп Карапетович Арташесов,Undirected,Франц Кауниц,1
Месроп Карапетович Арташесов,Undirected,Хачатур Однорукий,1
Месроп Карапетович Арташесов,Undirected,Шубин Тимофей Тимофеевич,1
Месроп Карапетович Арташесов,Undirected,Элиза Альтаирская-Луантен,1
Месроп Карапетович Арташесов,Undirected,Эммануил Карлович де Сент-Эстеф,1
Месроп Карапетович Арташесов,Undirected,Эраст Фандорин,1
Мефистов,Undirected,Мистер Свист,1
Мефистов,Undirected,Ной Штерн,1
Мефистов,Undirected,Ольга Книппер-Чехова,1
Мефистов,Undirected,Простаков,1
Мефистов,Undirected,Разумовский,1
Мефистов,Undirected,Регинина,1
Мефистов,Undirected,Сенька Скорик,1
Мефистов,Undirected,Смарагдов,1
Мефистов,Undirected,Субботин,1
Мефистов,Undirected,Царьков,1
Мефистов,Undirected,Шустров,1
Мефистов,Undirected,Элиза Альтаирская-Луантен,1
Мефистов,Undirected,Эраст Фандорин,1
Мидори,Undirected,Министр Окубо,1
Мидори,Undirected,Момочи Тамба,1
Мидори,Undirected,Штабс-капитан Рыбников,1
Мидори,Undirected,Эраст Фандорин,1
Мими,Undirected,Момос,1
Мими,Undirected,Самсон Еропкин,1
Мими,Undirected,Эраст Фандорин,1
Министр Окубо,Undirected,Момочи Тамба,1
Министр Окубо,Undirected,Штабс-капитан Рыбников,1
Министр Окубо,Undirected,Эраст Фандорин,1
Мисс Палмер,Undirected,Мосолов,1
Мисс Палмер,Undirected,Обер-полицмейстер Шуберт,1
Мисс Палмер,Undirected,Шерлок Холмс,1
Мисс Палмер,Undirected,Эраст Фандорин,1
Мистер Карр,Undirected,Мистер Фрейби,1
Мистер Карр,Undirected,Михаил Романов,1
Мистер Карр,Undirected,Павел Романов,1
Мистер Карр,Undirected,Симеон Александрович Романов,1
Мистер Карр,Undirected,Эмилия,1
Мистер Карр,Undirected,Эраст Фандорин,1
Мистер Свист,Undirected,Ной Штерн,1
Мистер Свист,Undirected,Ольга Книппер-Чехова,1
Мистер Свист,Undirected,Простаков,1
Мистер Свист,Undirected,Разумовский,1
Мистер Свист,Undirected,Регинина,1
Мистер Свист,Undirected,Сенька Скорик,1
Мистер Свист,Undirected,Смарагдов,1
Мистер Свист,Undirected,Субботин,1
Мистер Свист,Undirected,Царьков,1
Мистер Свист,Undirected,Шустров,1
Мистер Свист,Undirected,Элиза Альтаирская-Луантен,1
Мистер Свист,Undirected,Эраст Фандорин,1
Мистер Фрейби,Undirected,Михаил Романов,1
Мистер Фрейби,Undirected,Павел Романов,1
Мистер Фрейби,Undirected,Симеон Александрович Романов,1
Мистер Фрейби,Undirected,Эмилия,1
Мистер Фрейби,Undirected,Эраст Фандорин,1
Михаил Романов,Undirected,Павел Романов,1
Михаил Романов,Undirected,Симеон Александрович Романов,1
Михаил Романов,Undirected,Эмилия,1
Михаил Романов,Undirected,Эраст Фандорин,1
Момос,Undirected,Самсон Еропкин,1
Момос,Undirected,Эраст Фандорин,1
Момочи Тамба,Undirected,Штабс-капитан Рыбников,1
Момочи Тамба,Undirected,Эраст Фандорин,1
Мосолов,Undirected,Обер-полицмейстер Шуберт,1
Мосолов,Undirected,Шерлок Холмс,1
Мосолов,Undirected,Эраст Фандорин,1
Муса Джабаров,Undirected,Саадат Валидбекова,1
Муса Джабаров,Undirected,Спиридонов,1
Муса Джабаров,Undirected,Тотманн,1
Муса Джабаров,Undirected,Турал,1
Муса Джабаров,Undirected,Франц Кауниц,1
Муса Джабаров,Undirected,Хачатур Однорукий,1
Муса Джабаров,Undirected,Шубин Тимофей Тимофеевич,1
Муса Джабаров,Undirected,Элиза Альтаирская-Луантен,1
Муса Джабаров,Undirected,Эммануил Карлович де Сент-Эстеф,1
Муса Джабаров,Undirected,Эраст Фандорин,1
Несвицкая,Undirected,Пахоменко,1
Несвицкая,Undirected,Соня Тюльпанова,1
Несвицкая,Undirected,Соцкий,1
Несвицкая,Undirected,Стенич,1
Несвицкая,Undirected,Эраст Фандорин,1
Ной Штерн,Undirected,Ольга Книппер-Чехова,1
Ной Штерн,Undirected,Простаков,1
Ной Штерн,Undirected,Разумовский,1
Ной Штерн,Undirected,Регинина,1
Ной Штерн,Undirected,Сенька Скорик,1
Ной Штерн,Undirected,Смарагдов,1
Ной Штерн,Undirected,Субботин,1
Ной Штерн,Undirected,Царьков,1
Ной Штерн,Undirected,Шустров,1
Ной Штерн,Undirected,Элиза Альтаирская-Луантен,1
Ной Штерн,Undirected,Эраст Фандорин,1
Обер-полицмейстер Шуберт,Undirected,Шерлок Холмс,1
Обер-полицмейстер Шуберт,Undirected,Эраст Фандорин,1
Ольга Книппер-Чехова,Undirected,Простаков,1
Ольга Книппер-Чехова,Undirected,Разумовский,1
Ольга Книппер-Чехова,Undirected,Регинина,1
Ольга Книппер-Чехова,Undirected,Сенька Скорик,1
Ольга Книппер-Чехова,Undirected,Смарагдов,1
Ольга Книппер-Чехова,Undirected,Субботин,1
Ольга Книппер-Чехова,Undirected,Царьков,1
Ольга Книппер-Чехова,Undirected,Шустров,1
Ольга Книппер-Чехова,Undirected,Элиза Альтаирская-Луантен,1
Ольга Книппер-Чехова,Undirected,Эраст Фандорин,1
Очко,Undirected,Сенька Скориков,1
Очко,Undirected,Смерть,1
Очко,Undirected,Упырь,1
Очко,Undirected,Эраст Фандорин,1
Павел Романов,Undirected,Симеон Александрович Романов,1
Павел Романов,Undirected,Эмилия,1
Павел Романов,Undirected,Эраст Фандорин,1
Пахоменко,Undirected,Соня Тюльпанова,1
Пахоменко,Undirected,Соцкий,1
Пахоменко,Undirected,Стенич,1
Пахоменко,Undirected,Эраст Фандорин,1
Полковник Лукан,Undirected,Пётр Яблоков,1
Полковник Лукан,Undirected,Шеймас Маклафлин,1
Полковник Лукан,Undirected,Эраст Фандорин,1
Полковник Лукан,Undirected,д'Эвре,1
Просперо,Undirected,Черубино,1
Просперо,Undirected,Эраст Фандорин,1
Простаков,Undirected,Разумовский,1
Простаков,Undirected,Регинина,1
Простаков,Undirected,Сенька Скорик,1
Простаков,Undirected,Смарагдов,1
Простаков,Undirected,Субботин,1
Простаков,Undirected,Царьков,1
Простаков,Undirected,Шустров,1
Простаков,Undirected,Элиза Альтаирская-Луантен,1
Простаков,Undirected,Эраст Фандорин,1
Профессор Свитчайлд,Undirected,Реджинальд Милфорд-Стоукс,1
Профессор Свитчайлд,Undirected,Рената Клебер,1
Профессор Свитчайлд,Undirected,Труффо,1
Профессор Свитчайлд,Undirected,Шарль Ренье,1
Профессор Свитчайлд,Undirected,Эраст Фандорин,1
Пётр Кокорин,Undirected,Эраст Фандорин,1
Пётр Кокорин,Undirected,леди Эстер,1
Пётр Яблоков,Undirected,Шеймас Маклафлин,1
Пётр Яблоков,Undirected,Эраст Фандорин,1
Пётр Яблоков,Undirected,д'Эвре,1
Разумовский,Undirected,Регинина,1
Разумовский,Undirected,Сенька Скорик,1
Разумовский,Undirected,Смарагдов,1
Разумовский,Undirected,Субботин,1
Разумовский,Undirected,Царьков,1
Разумовский,Undirected,Шустров,1
Разумовский,Undirected,Элиза Альтаирская-Луантен,1
Разумовский,Undirected,Эраст Фандорин,1
Регинина,Undirected,Сенька Скорик,1
Регинина,Undirected,Смарагдов,1
Регинина,Undirected,Субботин,1
Регинина,Undirected,Царьков,1
Регинина,Undirected,Шустров,1
Регинина,Undirected,Элиза Альтаирская-Луантен,1
Регинина,Undirected,Эраст Фандорин,1
Реджинальд Милфорд-Стоукс,Undirected,Рената Клебер,1
Реджинальд Милфорд-Стоукс,Undirected,Труффо,1
Реджинальд Милфорд-Стоукс,Undirected,Шарль Ренье,1
Реджинальд Милфорд-Стоукс,Undirected,Эраст Фандорин,1
Рената Клебер,Undirected,Труффо,1
Рената Клебер,Undirected,Шарль Ренье,1
Рената Клебер,Undirected,Эраст Фандорин,1
Роберт Диксон,Undirected,Станислав Борецкий,1
Роберт Диксон,Undirected,Степан Слюньков,1
Роберт Диксон,Undirected,Фаддей Поликарпович,1
Роберт Диксон,Undirected,Эраст Фандорин,1
Роберт Диксон,Undirected,Ян Борецкий,1
Саадат Валидбекова,Undirected,Спиридонов,1
Саадат Валидбекова,Undirected,Тотманн,1
Саадат Валидбекова,Undirected,Турал,1
Саадат Валидбекова,Undirected,Франц Кауниц,1
Саадат Валидбекова,Undirected,Хачатур Однорукий,1
Саадат Валидбекова,Undirected,Шубин Тимофей Тимофеевич,1
Саадат Валидбекова,Undirected,Элиза Альтаирская-Луантен,1
Саадат Валидбекова,Undirected,Эммануил Карлович де Сент-Эстеф,1
Саадат Валидбекова,Undirected,Эраст Фандорин,1
Самсон Еропкин,Undirected,Эраст Фандорин,1
Сенька Скорик,Undirected,Смарагдов,1
Сенька Скорик,Undirected,Субботин,1
Сенька Скорик,Undirected,Царьков,1
Сенька Скорик,Undirected,Шустров,1
Сенька Скорик,Undirected,Элиза Альтаирская-Луантен,1
Сенька Скорик,Undirected,Эраст Фандорин,1
Сенька Скориков,Undirected,Смерть,1
Сенька Скориков,Undirected,Упырь,1
Сенька Скориков,Undirected,Эраст Фандорин,1
Симеон Александрович Романов,Undirected,Эмилия,1
Симеон Александрович Романов,Undirected,Эраст Фандорин,1
Смарагдов,Undirected,Субботин,1
Смарагдов,Undirected,Царьков,1
Смарагдов,Undirected,Шустров,1
Смарагдов,Undirected,Элиза Альтаирская-Луантен,1
Смарагдов,Undirected,Эраст Фандорин,1
Смерть,Undirected,Упырь,1
Смерть,Undirected,Эраст Фандорин,1
Соня Тюльпанова,Undirected,Соцкий,1
Соня Тюльпанова,Undirected,Стенич,1
Соня Тюльпанова,Undirected,Эраст Фандорин,1
Соцкий,Undirected,Стенич,1
Соцкий,Undirected,Эраст Фандорин,1
Спиридонов,Undirected,Тотманн,1
Спиридонов,Undirected,Турал,1
Спиридонов,Undirected,Франц Кауниц,1
Спиридонов,Undirected,Хачатур Однорукий,1
Спиридонов,Undirected,Шубин Тимофей Тимофеевич,1
Спиридонов,Undirected,Элиза Альтаирская-Луантен,1
Спиридонов,Undirected,Эммануил Карлович де Сент-Эстеф,1
Спиридонов,Undirected,Эраст Фандорин,1
Станислав Борецкий,Undirected,Степан Слюньков,1
Станислав Борецкий,Undirected,Фаддей Поликарпович,1
Станислав Борецкий,Undirected,Эраст Фандорин,1
Станислав Борецкий,Undirected,Ян Борецкий,1
Стенич,Undirected,Эраст Фандорин,1
Степан Слюньков,Undirected,Фаддей Поликарпович,1
Степан Слюньков,Undirected,Эраст Фандорин,1
Степан Слюньков,Undirected,Ян Борецкий,1
Субботин,Undirected,Царьков,1
Субботин,Undirected,Шустров,1
Субботин,Undirected,Элиза Альтаирская-Луантен,1
Субботин,Undirected,Эраст Фандорин,1
Тотманн,Undirected,Турал,1
Тотманн,Undirected,Франц Кауниц,1
Тотманн,Undirected,Хачатур Однорукий,1
Тотманн,Undirected,Шубин Тимофей Тимофеевич,1
Тотманн,Undirected,Элиза Альтаирская-Луантен,1
Тотманн,Undirected,Эммануил Карлович де Сент-Эстеф,1
Тотманн,Undirected,Эраст Фандорин,1
Труффо,Undirected,Шарль Ренье,1
Труффо,Undirected,Эраст Фандорин,1
Турал,Undirected,Франц Кауниц,1
Турал,Undirected,Хачатур Однорукий,1
Турал,Undirected,Шубин Тимофей Тимофеевич,1
Турал,Undirected,Элиза Альтаирская-Луантен,1
Турал,Undirected,Эммануил Карлович де Сент-Эстеф,1
Турал,Undirected,Эраст Фандорин,1
Упырь,Undirected,Эраст Фандорин,1
Фаддей Поликарпович,Undirected,Эраст Фандорин,1
Фаддей Поликарпович,Undirected,Ян Борецкий,1
Франц Кауниц,Undirected,Хачатур Однорукий,1
Франц Кауниц,Undirected,Шубин Тимофей Тимофеевич,1
Франц Кауниц,Undirected,Элиза Альтаирская-Луантен,1
Франц Кауниц,Undirected,Эммануил Карлович де Сент-Эстеф,1
Франц Кауниц,Undirected,Эраст Фандорин,1
Фрол Ведищев,Undirected,Эраст Фандорин,2
Фрол Ведищев,Undirected,Эсфирь Литвинова,1
Хачатур Однорукий,Undirected,Шубин Тимофей Тимофеевич,1
Хачатур Однорукий,Undirected,Элиза Альтаирская-Луантен,1
Хачатур Однорукий,Undirected,Эммануил Карлович де Сент-Эстеф,1
Хачатур Однорукий,Undirected,Эраст Фандорин,1
Царьков,Undirected,Шустров,1
Царьков,Undirected,Элиза Альтаирская-Луантен,1
Царьков,Undirected,Эраст Фандорин,1
Черубино,Undirected,Эраст Фандорин,1
Шарль Ренье,Undirected,Эраст Фандорин,1
Шеймас Маклафлин,Undirected,Эраст Фандорин,1
Шеймас Маклафлин,Undirected,д'Эвре,1
Шерлок Холмс,Undirected,Эраст Фандорин,1
Штабс-капитан Рыбников,Undirected,Эраст Фандорин,1
Шубин Тимофей Тимофеевич,Undirected,Элиза Альтаирская-Луантен,1
Шубин Тимофей Тимофеевич,Undirected,Эммануил Карлович де Сент-Эстеф,1
Шубин Тимофей Тимофеевич,Undirected,Эраст Фандорин,1
Шустров,Undirected,Элиза Альтаирская-Луантен,1
Шустров,Undirected,Эраст Фандорин,1
Элиза Альтаирская-Луантен,Undirected,Эммануил Карлович де Сент-Эстеф,1
Элиза Альтаирская-Луантен,Undirected,Эраст Фандорин,2
Эмилия,Undirected,Эраст Фандорин,1
Эммануил Карлович де Сент-Эстеф,Undirected,Эраст Фандорин,1
Эраст Фандорин,Undirected,Эсфирь Литвинова,1
Эраст Фандорин,Undirected,Ян Борецкий,1
Эраст Фандорин,Undirected,д'Эвре,1
Эраст Фандорин,Undirected,леди Эстер,1
